{
  "cam_param": [
    {
      "Intrinsics": [
        [
          1272.5979003906,
          0,
          826.6154785156
        ],
        [
          0,
          1272.5979003906,
          479.7516479492
        ],
        [
          0,
          0,
          1
        ]
      ],
      "Translation": [
        1.4530742168,
        0.4952245057,
        1.5089827776
      ],
      "Extrinsics": [
        [
          0.8207612634,
          -0.0001388933,
          0.5712711811
        ],
        [
          -0.5712678432,
          0.0032555840,
          0.8207571507
        ],
        [
          -0.0019738232,
          -0.9999945760,
          0.0025927161
        ]
      ],
      "name": "ca1"
    },
    {
      "Intrinsics": [
        [
          1266.4172363281,
          0,
          816.2670288086
        ],
        [
          0,
          1266.4172363281,
          491.5070800781
        ],
        [
          0,
          0,
          1
        ]
      ],
      "Translation": [
        1.7008217573,
        0.0159761515,
        1.5109579563
      ],
      "Extrinsics": [
        [
          0.0056847786,
          -0.0056366688,
          0.9999679327
        ],
        [
          -0.9999834299,
          -0.0008371171,
          0.0056801480
        ],
        [
          0.0008050722,
          -0.9999837279,
          -0.0056413324
        ]
      ],
      "name": "ca2"
    },
    {
      "Intrinsics": [
        [
          1260.8474121094,
          0,
          807.9682617188
        ],
        [
          0,
          1260.8474121094,
          495.3344116211
        ],
        [
          0,
          0,
          1
        ]
      ],
      "Translation": [
        1.6243642569,
        -0.4941402376,
        1.4961355925
      ],
      "Extrinsics": [
        [
          -0.8329414129,
          -0.0002194635,
          0.5533609986
        ],
        [
          -0.5532901287,
          0.0163416211,
          -0.8328282833
        ],
        [
          -0.0088600423,
          -0.9998663068,
          -0.0137330415
        ]
      ],
      "name": "ca3"
    },
    {
      "Intrinsics": [
        [
          1256.7414550781,
          0,
          792.1125488281
        ],
        [
          0,
          1256.7414550781,
          492.7757568359
        ],
        [
          0,
          0,
          1
        ]
      ],
      "Translation": [
        1.3602883816,
        0.4818853140,
        1.5930861235
      ],
      "Extrinsics": [
        [
          0.9477364421,
          0.0076835304,
          -0.3189617395
        ],
        [
          0.3190414310,
          -0.0138559639,
          0.9476394653
        ],
        [
          0.0028616954,
          -0.9998743534,
          -0.0155831613
        ]
      ],
      "name": "ca4"
    },   
    {
      "Intrinsics": [
        [
          809.2210083008,
          0,
          829.2196044922
        ],
        [
          0,
          809.2210083008,
          481.7784118652
        ],
        [
          0,
          0,
          1
        ]
      ],
      "Translation": [
        0.2613561749,
        0.0012695944,
        1.5812880993
      ],
      "Extrinsics": [
        [
          0.0023900948,
          -0.0174671970,
          -0.9998444915
        ],
        [
          0.9999892116,
          -0.0039495598,
          0.0024594760
        ],
        [
          -0.0039919033,
          -0.9998396039,
          0.0174575672
        ]
      ],
      "name": "ca5"
    },
    {
      "Intrinsics": [
        [
          1259.5137939453,
          0,
          807.2529296875
        ],
        [
          0,
          1259.5137939453,
          501.1958007812
        ],
        [
          0,
          0,
          1
        ]
      ],
      "Translation": [
        1.1586141586,
        -0.4819532633,
        1.5633416176
      ],
      "Extrinsics": [
        [
          -0.9347745180,
          0.0154425465,
          -0.3549058139
        ],
        [
          0.3550887406,
          0.0113088638,
          -0.9347642064
        ],
        [
          -0.0104215564,
          -0.9998166561,
          -0.0160547160
        ]
      ],
      "name": "ca6"
    }
  ],
  "coordinate_param": [
    {
      "Translation": [
        599.849775495386,
        1647.6411294309523,
        0.0
      ],
      "rotation": [
        [
          0.877,
          0.48,
          0.013
        ],
        [
          -0.48,
          0.877,
          -0.013
        ],
        [
          -0.018,
          0.005,
          1
        ]
      ],
      "name": "eog2global"      
    },
    {
      "Translation": [
        0.985793,
        0.0,
        1.84019
      ],
      "rotation": [
        [
          -0.00054279,
          0.9989307,
          0.04622947
        ],
        [
          -0.99999547,
          -0.00040569,
          -0.00297501
        ],
        [
          -0.00295308,
          -0.04623087,
          0.9989264
        ]
      ],
      "name": "lidar2ego"      
    },
    {
      "Translation": [
        -0.5023761,
        0.22914751,
        -0.331658
      ],
      "rotation": [
        [
          0.5672582,
          -0.01433343,
          -0.8234153
        ],
        [
          0.8228128,
          0.05187402,
          0.5659401
        ],
        [
          0.034602,
          -0.9985508,
          0.04121969
        ]
      ],
      "name": "cam_front_left2lidar"
    },
    {
      "Translation": [
        1.4530742168,
        0.4952245057,
        1.5089827776
      ],
      "rotation": [
        [
          0.8207612634,
          -0.0001388933,
          0.5712711811
        ],
        [
          -0.5712678432,
          0.0032555840,
          0.8207571507
        ],
        [
          -0.0019738232,
          -0.9999945760,
          0.0025927161
        ]
      ],
      "name": "camera2lidar"
    },
    {
      "Translation": [
        1.4530742168,
        0.4952245057,
        1.5089827776
      ],
      "rotation": [
        [
          0.8207612634,
          -0.0001388933,
          0.5712711811
        ],
        [
          -0.5712678432,
          0.0032555840,
          0.8207571507
        ],
        [
          -0.0019738232,
          -0.9999945760,
          0.0025927161
        ]
      ],
      "name": "camera2lidar"
    },
    {
      "Translation": [
        1.4530742168,
        0.4952245057,
        1.5089827776
      ],
      "rotation": [
        [
          0.8207612634,
          -0.0001388933,
          0.5712711811
        ],
        [
          -0.5712678432,
          0.0032555840,
          0.8207571507
        ],
        [
          -0.0019738232,
          -0.9999945760,
          0.0025927161
        ]
      ],
      "name": "camera2lidar"
    },
    {
      "Translation": [
        1.4530742168,
        0.4952245057,
        1.5089827776
      ],
      "rotation": [
        [
          0.8207612634,
          -0.0001388933,
          0.5712711811
        ],
        [
          -0.5712678432,
          0.0032555840,
          0.8207571507
        ],
        [
          -0.0019738232,
          -0.9999945760,
          0.0025927161
        ]
      ],
      "name": "camera2lidar"
    },
    {
      "Translation": [
        1.4530742168,
        0.4952245057,
        1.5089827776
      ],